<overlay>
	<after uuid="2654edea-e2e2-41ad-a555-d36cc83240b0">
		<section label="Hello World" uuid="uuid_hello_world">
			<subSection>
				<group label="" visible="{/$EditMode} eq 'View'">
					<Button uuid="uuid_btn_hello_world" text="Hello World" span="R"/>					
					<CheckboxWidget uuid="uidoc_sample_Checkbox" name="MyCheckbox" editable="true" visible="true" text="Test 123 Shai"/>
					<GridWidget label="WarehousesShai" name="OITW" uuid="mygrid123" nolabel="true" viewAlias="OITW.gridView" viewId="5048d8d0-d92a-4413-91ae-3abd6a18b89a" selectMode="multiple">
                        <action>
                            <GridAddButton uuid="a:a1" icon="sap-icon://add" visible="{/$EditMode} ne 'View'"/>
                            <GridRemoveButton uuid="b:b2" icon="sap-icon://delete" visible="{/$EditMode} ne 'View'"/>
                            <GridSettingButton uuid="c:c3" icon="sap-icon://action-settings"/>
                        </action>
                        <columns>
                            <column label="Warehouse Code" name="WhsCode" uuid="COLUMN_a1" span="M" defaultVisible="true" sortable="true" summed="false" groupable="true">
                                <CFLWidget label="Warehouse Code" name="WhsCode" uuid="COLUMN_a1_PROPERTY" onChangeMethod="default" linkTo="OWHS" linkButtonEnabled="false" linkButtonDynamic="false" dbSize="8" linkButtonVisible="false" bindProperty="WhsCode" multiSel="true"/>
                            </column>
                            <column label="Warehouse Name" name="VWhsName" uuid="COLUMN_a2" span="L" defaultVisible="true" sortable="true" summed="false" groupable="true">
                                <StringWidget label="Warehouse Name" name="VWhsName" uuid="COLUMN_a2_PROPERTY" onChangeMethod="default" editable="false" dbSize="100"/>
                            </column>
                            <column label="Default" name="VDefault" uuid="COLUMN_a3" span="S" defaultVisible="true" sortable="true" summed="false" groupable="true">
                                <CheckboxAsRadioWidget label="Default" name="VDefault" uuid="COLUMN_a3_PROPERTY" selection="[{&quot;value&quot;:&quot;Y&quot;,&quot;label&quot;:&quot;Yes&quot;},{&quot;value&quot;:&quot;N&quot;,&quot;label&quot;:&quot;No&quot;}]" defaultSelection="N" onChangeMethod="default" editable="({WhsCode} ne null)" dbSize="1" trueValue="Y" falseValue="N" defaultValue="N"/>
                            </column>
                            <column label="Branch" name="VBranch" uuid="COLUMN_a4" span="L" defaultVisible="true" sortable="true" summed="false" groupable="true" visible="({/VShowBranch} eq 'Y')">
                                <StringWidget label="Branch" name="VBranch" uuid="COLUMN_a4_PROPERTY" editable="false" visible="({/VShowBranch} eq 'Y')" dbSize="100"/>
                            </column>
                            <column label="Locked" name="Locked" uuid="COLUMN_a5" span="S" defaultVisible="true" sortable="true" summed="false" groupable="true">
                                <CheckboxWidget label="Locked" name="Locked" uuid="COLUMN_a5_PROPERTY" selection="[{&quot;value&quot;:&quot;Y&quot;,&quot;label&quot;:&quot;Yes&quot;},{&quot;value&quot;:&quot;N&quot;,&quot;label&quot;:&quot;No&quot;}]" defaultSelection="N" dbSize="1" trueValue="Y" falseValue="N" defaultValue="N"/>
                            </column>
                            <column label="In Stock" name="OnHand" uuid="COLUMN_a6" span="M" defaultVisible="true" sortable="true" summed="false" groupable="true">
                                <QuantityWidget label="In Stock" name="OnHand" uuid="COLUMN_a6_PROPERTY" editable="false" dbSize="20"/>
                            </column>
                            <column label="Committed" name="IsCommited" uuid="COLUMN_a7" span="M" defaultVisible="true" sortable="true" summed="false" groupable="true">
                                <QuantityWidget label="Committed" name="IsCommited" uuid="COLUMN_a7_PROPERTY" editable="false" dbSize="20"/>
                            </column>
                            <column label="Ordered" name="OnOrder" uuid="COLUMN_a8" span="M" defaultVisible="true" sortable="true" summed="false" groupable="true">
                                <QuantityWidget label="Ordered" name="OnOrder" uuid="COLUMN_a8_PROPERTY" editable="false" dbSize="20"/>
                            </column>
                            <column label="Available" name="VAvailable" uuid="COLUMN_a9" span="M" defaultVisible="true" sortable="true" summed="false" groupable="true">
                                <QuantityWidget label="Available" name="VAvailable" uuid="COLUMN_a9_PROPERTY" editable="false" dbSize="20"/>
                            </column>
                            <column label="Item Cost" name="AvgPrice" uuid="COLUMN_a10" span="M" defaultVisible="true" sortable="true" summed="false" groupable="true" visible="(({/EvalSystem} ne 'F' and {/EvalSystem} ne 'B' and {/VIsPricePerWH} eq 'Y'))">
                                <PriceWidget label="Item Cost" name="AvgPrice" uuid="COLUMN_a10_PROPERTY" editable="(({VCanChangeAvgPrice} ne 'N'))" visible="(({/EvalSystem} ne 'F' and {/EvalSystem} ne 'B' and {/VIsPricePerWH} eq 'Y'))" dbSize="20" currencyType="local"/>
                            </column>
                            <column label="Drop-Ship" name="VDropShip" uuid="COLUMN_a11" span="S" defaultVisible="true" sortable="true" summed="false" groupable="true" visible="false">
                                <SelectWidget label="Drop-Ship" name="VDropShip" uuid="COLUMN_a11_PROPERTY" selection="[{&quot;value&quot;:&quot;N&quot;,&quot;label&quot;:&quot;No&quot;},{&quot;value&quot;:&quot;Y&quot;,&quot;label&quot;:&quot;Yes&quot;}]" defaultSelection="N" editable="false" visible="false" dbSize="1"/>
                            </column>
                            <column label="Item Row link to SO" name="U_OITWH_SO" uuid="COLUMN_a12_OITW_U_OITWH_SO" span="S" defaultVisible="true" sortable="true" summed="false" groupable="true">
                                <CFLWidget label="Item Row link to SO" name="U_OITWH_SO" uuid="COLUMN_UDF_a12_OITW_U_OITWH_SO_PROPERTY" editable="(('U_OITWH_SO' in [__sensitiveFields]) eq false)" linkTo="OWHS" linkButtonEnabled="false" linkButtonDynamic="false" dbSize="8" linkButtonVisible="false" bindProperty="U_OITWH_SO" dynamic="true"/>
                            </column>
                            <column label="Item Row link to UDO Tax" name="U_OITWR_UDO_Tax" uuid="COLUMN_a13_OITW_U_OITWR_UDO_Tax" span="S" defaultVisible="true" sortable="true" summed="false" groupable="true">
                                <CFLWidget label="Item Row link to UDO Tax" name="U_OITWR_UDO_Tax" uuid="COLUMN_a13_OITW_U_OITWR_UDO_Tax_PROPERTY" editable="(('U_OITWR_UDO_Tax' in [__sensitiveFields]) eq false)" linkTo="@OOVT" linkButtonEnabled="true" linkButtonDynamic="false" dbSize="50" linkButtonVisible="true" bindProperty="U_OITWR_UDO_Tax" dynamic="true"/>
                            </column>
                        </columns>
                        <rows/>
                        <header/>
                        <footer/>
                    </GridWidget>
			    </group>
			</subSection>
		</section>
        <section label="Test Controls" uuid="uuid_test_controls">
			<subSection>
                <group label="" visible="{/$EditMode} eq 'View'">
                    <CheckboxWidget uuid="uidoc_test_Checkbox" name="MyTestCheckbox" editable="true" visible="true" text="Test Checkbox"/>   
                    <CheckboxWidget uuid="uidoc_sample_Checkbox" label="Control" name="Checkbox" editable="{editable} eq 'Y' ? true : false" mandatory="{mandatory} eq 'Y' ? true : false" visible="{visible} eq 'Y' ? true : false"/>
                </group>
            </subSection>
		</section>
	</after>
</overlay>